,dataContent,dataSid,dataTitle,parkAddr,parkArea,parkFact1,parkFact2,parkFact3,parkFact4,parkFact5,parkGubun,parkLoadAddr,parkLocation,parkNo,parkNoticeday,parkOrgnm,parkRegdate,parkSido,parkTel,parkZip,posx,posy
0, ,249,추천대공원,전북특별자치도 전주시 덕진구 추천로 82,4780.0, , , , , ,소공원,전북특별자치도 전주시 덕진구 팔복동2가 94-4, ,45113-00111,2019-09-11,전북특별자치도 전주시 덕진구청,2020-08-31, ,063-270-6389, ,127.1041980577,35.845709
1, ,248,역사도심공원, ,208.0, , , , , ,소공원,전북특별자치도 전주시 완산구 고사동 324-14, ,45111-00140,2018-04-30,전북특별자치도 전주시 덕진구청,2020-08-31, ,063-220-5438, , ,35.820872
2, ,247,이목대공원, ,264.0, , , , , ,소공원,전북특별자치도 전주시 완산구 교동 54-16, ,45111-00139,2018-12-14,전북특별자치도 전주시 덕진구청,2020-08-31, ,063-220-5438, ,127.1560596,35.8144091
3, ,246,동산구역A, ,1405.0, , , , , ,소공원,전북특별자치도 전주시 덕진구 여의동2가 601-5, ,45113-00110,2017-07-14,전북특별자치도 전주시 덕진구청,2020-08-31, ,063-270-6389, ,127.080703,35.870165
4, ,245,동산구역B, ,499.0, , , , , ,소공원,전북특별자치도 전주시 덕진구 여의동2가 551-3, ,45113-00109,2017-07-14,전북특별자치도 전주시 덕진구청,2020-08-31, ,063-270-6389, ,127.0792306,35.8698979
5, ,244,제187호 근린공원, ,5153.0, , , , , ,근린공원,"전북특별자치도 전주시 덕진구 우아동1가 1121, 111-5", ,45113-00108,2016-09-13,전북특별자치도 전주시 덕진구청,2020-08-31, ,063-270-6390, ,127.1760178,35.8255237
6, ,243,에코시티5호, ,11157.0, , , , , ,근린공원,전북특별자치도 전주시 덕진구 송천동2가 377-70, ,45113-00107,2016-04-29,전북특별자치도 전주시 덕진구청,2020-08-31, ,063-270-6389, ,127.1201996,35.8719799
7, ,242,에코시티 1호공원, ,1500.0, , , , , ,어린이공원,전북특별자치도 전주시 덕진구 송천동2가 377-66, ,45113-00106,2016-04-29,전북특별자치도 전주시 덕진구청,2020-08-31, ,063-270-6389, ,127.1201996,35.8719799
8, ,241,철도178호, ,36018.0, , , , , ,근린공원,전북특별자치도 전주시 덕진구 우아동1가 942-1, ,45113-00105,2015-11-27,전북특별자치도 전주시 덕진구청,2020-08-31, ,063-270-6389, ,127.1761143,35.8295784
9, ,240,팔복문화공원, ,13242.0, , , , , ,문화공원,전북특별자치도 전주시 덕진구 팔복동1가 243-3, ,45113-00104,2015-11-18,전북특별자치도 전주시 덕진구청,2020-08-31, ,063-270-6389, ,127.1009480787,35.861332972
10, ,239,화정공원, ,36819.0, , , , , ,근린공원,전북특별자치도 전주시 덕진구 송천동2가 1356, ,45113-00103,2014-02-28,전북특별자치도 전주시 덕진구청,2020-08-31, ,063-270-6389, ,127.1201996,35.8719799
11, ,238,붓내공원, ,28727.0, , , , , ,근린공원,전북특별자치도 전주시 덕진구 송천동2가 1339, ,45113-00102,2014-02-28,전북특별자치도 전주시 덕진구청,2020-08-31, ,063-270-6389, ,127.1201996,35.8719799
12, ,237,세병공원, ,200481.0, , ,수경설비,"족구장,풋살장,농구장,다목적구장","정자,화장실,벤치",근린공원,전북특별자치도 전주시 덕진구 송천동2가 1316, ,45113-00101,2014-02-28,전북특별자치도 전주시 덕진구청,2020-08-31, ,063-270-6389, ,127.1201996,35.8719799
13, ,236,백석공원, ,93743.0, , , , , ,근린공원,전북특별자치도 전주시 덕진구 송천동2가 1293-86, ,45113-00100,2014-02-28,전북특별자치도 전주시 덕진구청,2020-08-31, ,063-270-6389, ,127.1201996,35.8719799
14, ,235,에코시티9호, ,1320.0, , , , , ,소공원,전북특별자치도 전주시 덕진구 송천동 2가 377-66, ,45113-00099,2014-02-28,전북특별자치도 전주시 덕진구청,2020-08-31, ,063-270-6389, ,127.139451,35.871553
15, ,234,에코시티6호, ,1087.0, , , , , ,소공원,전북특별자치도 전주시 덕진구 송천동 2가 377-66, ,45113-00098,2014-02-28,전북특별자치도 전주시 덕진구청,2020-08-31, ,063-270-6389, ,127.118276, 
16, ,233,에코시티5호, ,1033.0, , , , , ,소공원,전북특별자치도 전주시 덕진구 송천동 2가 377-66, ,45113-00097,2014-02-28,전북특별자치도 전주시 덕진구청,2020-08-31, ,063-270-6389, ,127.117319,35.876854
17, ,232,에코시티4호, ,993.0, , , , , ,소공원,전북특별자치도 전주시 덕진구 송천동 2가 377-66, ,45113-00096,2014-02-28,전북특별자치도 전주시 덕진구청,2020-08-31, ,063-270-6389, ,127.1158797,35.876414
18, ,231,에코시티3호, ,1037.0, , , , , ,소공원,전북특별자치도 전주시 덕진구 송천동 2가 377-66, ,45113-00095,2014-02-28,전북특별자치도 전주시 덕진구청,2020-08-31, ,063-270-6389, , ,35.877129
19, ,230,에코시티2호, ,1041.0, , , , , ,소공원,전북특별자치도 전주시 덕진구 송천동 2가 377-66, ,45113-00094,2014-02-28,전북특별자치도 전주시 덕진구청,2020-08-31, ,063-270-6389, ,127.114604,35.876016
20, ,229,에코시티1호, ,807.0, , , , , ,소공원,전북특별자치도 전주시 덕진구 송천동 2가 377-66, ,45113-00093,2014-02-28,전북특별자치도 전주시 덕진구청,2020-08-31, ,063-270-6389, ,127.114373,35.876815
21, ,228,에코시티8호, ,1026.0, , , , , ,소공원,전북특별자치도 전주시 덕진구 송천동 2가 1365-4, ,45113-00092,2014-02-28,전북특별자치도 전주시 덕진구청,2020-08-31, ,063-270-6389, ,127.139558,35.873445
22, ,227,에코시티7호, ,1444.0, , , , , ,소공원,전북특별자치도 전주시 덕진구 송천동 2가 1346, ,45113-00091,2014-02-28,전북특별자치도 전주시 덕진구청,2020-08-31, ,063-270-6389, ,127.124867,35.879433
23, ,226,송천유남공원, ,1017.0, , , , , ,소공원,전북특별자치도 전주시 덕진구 송천동 97-8, ,45113-00090,2013-05-15,전북특별자치도 전주시 덕진구청,2020-08-31, ,063-270-6389, ,127.130367,35.8634308
24, ,225,엽순공원, ,83224.7, , , , , ,근린공원,전북특별자치도 전주시 덕진구 장동 1073-1, ,45113-00089,2012-06-25,전북특별자치도 전주시 덕진구청,2020-08-31, ,063-270-6389, ,127.060326,35.843201
25, ,224,만성지구 2, ,16604.0, , , , , ,근린공원,전북특별자치도 전주시 덕진구 만성동 962, ,45113-00088,2011-12-29,전북특별자치도 전주시 덕진구청,2020-08-31, ,063-270-6389, ,127.0712343,35.8351751
26, ,223,원장동공원, ,16103.7,"조합놀이대,시소", , ,운동기구,"정자,벤치",근린공원,전북특별자치도 전주시 덕진구 장동 1065, ,45113-00087,2011-12-01,전북특별자치도 전주시 덕진구청,2020-08-31, ,063-270-6389, ,127.055235,35.841451
27, ,222,건산공원,전북특별자치도 전주시 덕진구 건산1길 21-3,1132.9, , , , , ,어린이공원,전북특별자치도 전주시 덕진구 진북동 339-6, ,45113-00086,2011-07-28,전북특별자치도 전주시 덕진구청,2020-08-31, ,063-270-6389, ,127.1425953755,35.8318687
28, ,221,느티나무공원, ,1329.0, , , , , ,어린이공원,전북특별자치도 전주시 덕진구 진북동 1022-10, ,45113-00084,2011-07-28,전북특별자치도 전주시 덕진구청,2020-08-31, ,063-270-6389, ,127.1349598,35.8283609
29, ,220,오정공원, ,1641.2, , , , , ,어린이공원,전북특별자치도 전주시 덕진구 중동 783-4, ,45113-00083,2011-07-28,전북특별자치도 전주시 덕진구청,2020-08-31, ,063-270-6389, ,127.060655,35.834749
30, ,219,찰방공원, ,1852.0, , , , , ,어린이공원,전북특별자치도 전주시 덕진구 만성동 1174-3, ,45113-00082,2010-12-16,전북특별자치도 전주시 덕진구청,2020-08-31, ,063-270-6389, ,127.069704,35.833865
31, ,218,서찰방공원, ,327.7, , , , , ,소공원,전북특별자치도 전주시 덕진구 만성동 1168-8, ,45113-00081,2010-12-16,전북특별자치도 전주시 덕진구청,2020-08-31, ,063-270-6389, ,127.067871, 
32, ,217,동산구역, ,2292.0, , , , , ,소공원,전북특별자치도 전주시 덕진구 동산동 571-41, ,45113-00080,2010-03-18,전북특별자치도 전주시 덕진구청,2020-08-31, ,063-270-6389, ,127.0792306,35.869925237
33, ,216,만성어린 3, ,2631.0, , , , , ,어린이공원,전북특별자치도 전주시 덕진구 만성동 398-20, ,45113-00079,2009-12-10,전북특별자치도 전주시 덕진구청,2020-08-31, ,063-270-6389, ,127.0783565,35.8451605
34, ,215,종광대, ,765.0, , , , , ,소공원,전북특별자치도 전주시 덕진구 인후동 1가 176-22, ,45113-00078,2009-02-24,전북특별자치도 전주시 덕진구청,2020-08-31, ,063-270-6389, ,127.1513332,35.8308589
35, ,214,만성문화, ,18019.0, , , , , ,문화공원,전북특별자치도 전주시 덕진구 만성동 1339-18, ,45113-00077,2008-12-13,전북특별자치도 전주시 덕진구청,2020-08-31, ,063-270-6389, ,127.0790932,35.8492274
36, ,213,만성어린 2, ,3137.0, , , , , ,어린이공원,전북특별자치도 전주시 덕진구 만성동 산 85, ,45113-00076,2008-12-12,전북특별자치도 전주시 덕진구청,2020-08-31, ,063-270-6389, ,127.0794203,35.8418104
37, ,212,만성어린 4, ,6895.0, , , , , ,어린이공원,전북특별자치도 전주시 덕진구 만성동 574, ,45113-00075,2008-12-12,전북특별자치도 전주시 덕진구청,2020-08-31, ,063-270-6389, ,127.0759124,35.8378935
38, ,211,만성지구 1, ,58582.0, , , , , ,근린공원,전북특별자치도 전주시 덕진구 만성동 458, ,45113-00074,2008-12-12,전북특별자치도 전주시 덕진구청,2020-08-31, ,063-270-6389, ,127.0744742,35.841164
39, ,210,만성어린 1, ,1879.0, , , , , ,어린이공원,전북특별자치도 전주시 덕진구 만성동 240, ,45113-00073,2008-12-12,전북특별자치도 전주시 덕진구청,2020-08-31, ,063-270-6389, ,127.0817119,35.8456323
40, ,209,만성수변, ,55047.0, , , , , ,수변공원,전북특별자치도 전주시 덕진구 만성동 1063, ,45113-00072,2008-12-12,전북특별자치도 전주시 덕진구청,2020-08-31, ,063-270-6389, ,127.0704111,35.8435031
41, ,208,만성어린 5, ,1514.0, , , , , ,어린이공원,전북특별자치도 전주시 덕진구 만성동 1028-2, ,45113-00071,2008-12-12,전북특별자치도 전주시 덕진구청,2020-08-31, ,063-270-6389, ,127.0719803,35.8398361
42, ,207,중동공원, ,20625.8, , , , , ,근린공원,전북특별자치도 전주시 덕진구 중동 787-11, ,45113-00070,2008-09-10,전북특별자치도 전주시 덕진구청,2020-08-31, ,063-270-6389, ,127.061058,35.833591
43, ,206,정문공원, ,431.5, , , , , ,소공원,전북특별자치도 전주시 덕진구 중동 779-15, ,45113-00069,2008-06-20,전북특별자치도 전주시 덕진구청,2020-08-31, ,063-270-6389, ,127.059737,35.835826
44, ,205,원중공원, ,3987.9, , , , , ,소공원,전북특별자치도 전주시 덕진구 장동 1092-1, ,45113-00068,2008-06-20,전북특별자치도 전주시 덕진구청,2020-08-31, ,063-270-6389, ,127.063676,35.843344
45, ,204,우아구역, ,425.0, , , , , ,소공원,전북특별자치도 전주시 덕진구 우아동 3가 386, ,45113-00067,2008-06-20,전북특별자치도 전주시 덕진구청,2020-08-31, ,063-270-6389, ,127.1650066,35.8432098
46, ,203,160호 붓내구역, ,133.0, , , , , ,소공원,전북특별자치도 전주시 덕진구 송천동 2가 453-23, ,45113-00066,2008-06-20,전북특별자치도 전주시 덕진구청,2020-08-31, ,063-270-6389, ,127.1224970417,35.8687265
47, ,202,179호 붓내구역, ,197.0, , , , , ,소공원,전북특별자치도 전주시 덕진구 송천동 2가 270-5, ,45113-00065,2008-06-20,전북특별자치도 전주시 덕진구청,2020-08-31, ,063-270-6389, ,127.1235233,35.8680381
48, ,201,여의공원, ,1496.0, , , , , ,어린이공원,전북특별자치도 전주시 덕진구 반월동 248-6, ,45113-00064,2008-06-20,전북특별자치도 전주시 덕진구청,2020-08-31, ,063-270-6389, ,127.075394,35.8712059
49, ,200,기지재, ,191762.0, , , , , ,수변공원,전북특별자치도 전주시 덕진구 장동 1094, ,45113-00063,2008-03-04,전북특별자치도 전주시 덕진구청,2020-08-31, ,063-270-6389, ,127.066298,35.839791
50, ,199,마당재공원, ,13865.0, , , , , ,근린공원,전북특별자치도 전주시 덕진구 인후동1가925, ,45113-00062,2008-03-04,전북특별자치도 전주시 덕진구청,2020-08-31, ,063-270-6389, ,127.162955,35.8232288
51, ,198,기린공원, ,2476835.0, , , , , ,근린공원,전북특별자치도 전주시 덕진구 인후동1가 산153-3, ,45113-00061,2008-03-04,전북특별자치도 전주시 덕진구청,2020-08-31, ,063-270-6389, ,127.1692570998,35.8225842435
52, ,197,월방공원, ,1756.8, , , , , ,어린이공원,전북특별자치도 전주시 덕진구 만성동 1194-3, ,45113-00060,2008-03-04,전북특별자치도 전주시 덕진구청,2020-08-31, ,063-270-6389, ,127.071389,35.833273
53, ,196,월방공원, ,6035.2, , , , , ,소공원,전북특별자치도 전주시 덕진구 만성동 1194-3, ,45113-00059,2008-03-04,전북특별자치도 전주시 덕진구청,2020-08-31, ,063-270-6389, ,127.072726, 
54, ,195,월평공원, ,1592.1, , , , , ,어린이공원,전북특별자치도 전주시 덕진구 만성동 1188-6, ,45113-00058,2008-03-04,전북특별자치도 전주시 덕진구청,2020-08-31, ,063-270-6389, ,127.073567,35.835815
55, ,194,여울목공원,전북특별자치도 전주시 덕진구 호반6길 26-5,2515.0,조합놀이대, , , ,벤치,어린이공원,전북특별자치도 전주시 덕진구 덕진동2가 700, ,45113-00057,2005-08-05,전북특별자치도 전주시 덕진구청,2020-08-31, ,063-270-6389, ,127.11866387,35.8522968437
56, ,193,반딧불이공원,전북특별자치도 전주시 덕진구 호반6길 26-5,1791.0,조합놀이대, , , ,"정자,벤치",어린이공원,전북특별자치도 전주시 덕진구 덕진동2가 679, ,45113-00056,2005-08-05,전북특별자치도 전주시 덕진구청,2020-08-31, ,063-270-6389, ,127.11866387,35.8522968437
57, ,192,쇠똥구리공원,전북특별자치도 전주시 덕진구 호반6길 26-5,1555.0,조합놀이대, , , ,"정자,벤치",어린이공원,전북특별자치도 전주시 덕진구 덕진동2가 657, ,45113-00055,2005-08-05,전북특별자치도 전주시 덕진구청,2020-08-31, ,063-270-6389, ,127.11866387,35.8522968437
58, ,191,하늘공원, ,25864.0, , , ,"농구대,운동기구","정자,벤치",근린공원,전북특별자치도 전주시 덕진구 덕진동2가 682, ,45113-00054,2005-08-05,전북특별자치도 전주시 덕진구청,2020-08-31, ,063-270-6389, ,127.1069502,35.8452358
59, ,190,아중18호공원, ,1500.0, , , ,운동기구,벤치,어린이공원,전북특별자치도 전주시 덕진구 우아동2가 869-2, ,45113-00053,2005-07-29,전북특별자치도 전주시 덕진구청,2020-08-31, ,063-270-6389, ,127.1693156,35.8344393
60, ,189,나들목공원, ,56941.0, , , ,운동기구,"화장실,벤치",근린공원,전북특별자치도 전주시 덕진구 용정동 124-41, ,45113-00052,2004-05-21,전북특별자치도 전주시 덕진구청,2020-08-31, ,063-270-6389, ,127.0556506,35.8754524
61, ,188,송천유적공원, ,6760.6,조합놀이대, , ,운동기구,"화장실,벤치",어린이공원,전북특별자치도 전주시 덕진구 송천동1가 816-1, ,45113-00051,2004-04-03,전북특별자치도 전주시 덕진구청,2020-08-31, ,063-270-6389, ,127.1187477,35.864918
62, ,187,송천제2호공원, ,2004.1,조합놀이대, , ,운동기구,벤치,어린이공원,전북특별자치도 전주시 덕진구 송천동1가 844-8, ,45113-00050,2001-07-23,전북특별자치도 전주시 덕진구청,2020-08-31, ,063-270-6389, ,127.1174795,35.8612567
63, ,186,솔내공원, ,2000.0,조합놀이대, , ,"농구대,운동기구","정자,벤치",어린이공원,전북특별자치도 전주시 덕진구 송천동2가 1274, ,45113-00049,1995-12-30,전북특별자치도 전주시 덕진구청,2020-08-31, ,063-270-6389, ,127.1268701,35.8668845
64, ,185,붓내공원, ,1650.0,조합놀이대, , ,운동기구,"정자,벤치",어린이공원,전북특별자치도 전주시 덕진구 송천동2가 1270, ,45113-00048,1995-12-30,전북특별자치도 전주시 덕진구청,2020-08-31, ,063-270-6389, ,127.1253815,35.868031
65, ,184,팔복공원,전북특별자치도 전주시 덕진구 서귀로 107,20723.0,"조합놀이대,시소,그네", , ,"족구장,게이트볼구장,농구대,운동기구","정자,화장실,벤치",근린공원,전북특별자치도 전주시 덕진구 팔복동3가 404, ,45113-00047,1994-07-29,전북특별자치도 전주시 덕진구청,2020-08-31, ,063-270-6389, ,127.0870282,35.8514420545
66, ,183,아람길공원, ,10066.0, , , ,"족구장,게이트볼구장,운동기구","정자,화장실,벤치",근린공원,전북특별자치도 전주시 덕진구 인후동1가 858-3, ,45113-00046,1993-08-17,전북특별자치도 전주시 덕진구청,2020-08-31, ,063-270-6389, ,127.1675625,35.8308192
67, ,182,중상보공원, ,11384.0,조합놀이대, , ,"배구장,축구장,농구대,운동기구","정자,화장실,벤치",근린공원,전북특별자치도 전주시 덕진구 우아동2가 907, ,45113-00045,1993-08-17,전북특별자치도 전주시 덕진구청,2020-08-31, ,063-270-6389, ,127.1711276,35.8304932
68, ,181,신덕공원, ,1655.9,조합놀이대, , ,운동기구,"정자,벤치",어린이공원,전북특별자치도 전주시 덕진구 우아동2가 854-1, ,45113-00044,1993-08-17,전북특별자치도 전주시 덕진구청,2020-08-31, ,063-270-6389, ,127.1662817,35.8376161
69, ,180,팔복지구 3호공원, ,7176.0,시소, , ,"회전무대,정글집,농구대,배드민턴장,운동기구","정자,화장실,벤치",근린공원,전북특별자치도 전주시 덕진구 팔복동2가 505, ,45113-00043,1988-12-30,전북특별자치도 전주시 덕진구청,2020-08-31, ,063-270-6389, ,127.0932997859,35.8558168969
70, ,179,팔과공원, ,11512.8,"시소,그네", ,수경설비,"농구대,게이트볼구장","정자,화장실,벤치",근린공원,전북특별자치도 전주시 덕진구 팔복동2가 830-7, ,45113-00042,1986-05-08,전북특별자치도 전주시 덕진구청,2020-08-31, ,063-270-6389, ,127.095419,35.8554553
71, ,178,언덕공원, ,1502.0,조합놀이대, , ,"농구대,운동기구",벤치,어린이공원,전북특별자치도 전주시 덕진구 인후동1가 774-1, ,45113-00041,1985-12-30,전북특별자치도 전주시 덕진구청,2020-08-31, ,063-270-6389, ,127.1535205,35.8353115
72, ,177,안골노인복지공원, ,1502.0, , , ,"게이트볼구장,운동기구",벤치,어린이공원,전북특별자치도 전주시 덕진구 인후동1가 764-6, ,45113-00040,1985-12-30,전북특별자치도 전주시 덕진구청,2020-08-31, ,063-270-6389, ,127.1571397,35.8381589
73, ,176,안골공원, ,1502.0,"조합놀이대,그네", , ,운동기구,"정자,벤치",어린이공원,전북특별자치도 전주시 덕진구 인후동1가 753-4, ,45113-00039,1985-12-30,전북특별자치도 전주시 덕진구청,2020-08-31, ,063-270-6389, ,127.1570832,35.8407786
74, ,175,북일길공원,전북특별자치도 전주시 덕진구 안골5길 7-4,1502.0,조합놀이대, , ,운동기구,"정자,벤치",어린이공원,전북특별자치도 전주시 덕진구 우아동3가 756-5, ,45113-00038,1985-12-30,전북특별자치도 전주시 덕진구청,2020-08-31, ,063-270-6389, ,127.1551273,35.8429704
75, ,174,문화로공원, ,1500.0,조합놀이대, , ,"농구대,운동기구","정자,벤치",어린이공원,전북특별자치도 전주시 덕진구 인후동1가 951-5, ,45113-00037,1985-07-31,전북특별자치도 전주시 덕진구청,2020-08-31, ,063-270-6389, ,127.1700718,35.8270853
76, ,173,한범로공원, ,1500.0,"조합놀이대,그네", , ,"농구대,운동기구","정자,벤치",어린이공원,전북특별자치도 전주시 덕진구 인후동1가 943-6, ,45113-00036,1985-07-31,전북특별자치도 전주시 덕진구청,2020-08-31, ,063-270-6389, ,127.1672959,35.8238151
77, ,172,하평공원, ,1500.0,조합놀이대.그네, , ,"농구대,운동기구","정자,벤치",어린이공원,전북특별자치도 전주시 덕진구 인후동1가 918-2, ,45113-00035,1985-07-31,전북특별자치도 전주시 덕진구청,2020-08-31, ,063-270-6389, ,127.1655009,35.8280352
78, ,171,가재미공원, ,1500.0,조합놀이대, , ,"농구대,운동기구","정자,벤치",어린이공원,전북특별자치도 전주시 덕진구 인후동1가 906-1, ,45113-00034,1985-07-31,전북특별자치도 전주시 덕진구청,2020-08-31, ,063-270-6389, ,127.1621407,35.8261569
79, ,170,꿈마을공원, ,2280.0,조합놀이대, , ,운동기구,"정자,벤치",어린이공원,전북특별자치도 전주시 덕진구 인후동1가 890-2, ,45113-00033,1985-07-31,전북특별자치도 전주시 덕진구청,2020-08-31, ,063-270-6389, ,127.1668328,35.8303238
80, ,169,구총목공원, ,1500.0,조합놀이대, , ,운동기구,"정자,벤치",어린이공원,전북특별자치도 전주시 덕진구 인후동1가 882-1, ,45113-00032,1985-07-31,전북특별자치도 전주시 덕진구청,2020-08-31, ,063-270-6389, ,127.1625277,35.8292439
81, ,168,도란길공원,전북특별자치도 전주시 덕진구 건산로 238,1500.0,"조합놀이대,시소,그네", , ,운동기구,"정자,벤치",어린이공원,전북특별자치도 전주시 덕진구 인후동1가 854-3, ,45113-00031,1985-07-31,전북특별자치도 전주시 덕진구청,2020-08-31, ,063-270-6389, ,127.1633686,35.8342223
82, ,167,북가재미공원, ,1500.0,조합놀이대, , ,"농구대,운동기구","정자,벤치",어린이공원,전북특별자치도 전주시 덕진구 인후동1가 843-1, ,45113-00030,1985-07-31,전북특별자치도 전주시 덕진구청,2020-08-31, ,063-270-6389, ,127.1615091,35.8319092
83, ,166,진버들공원, ,2550.0,"조합놀이대,그네", , ,"농구대,운동기구","정자,화장실,벤치",어린이공원,전북특별자치도 전주시 덕진구 인후동1가 802-2, ,45113-00029,1985-07-31,전북특별자치도 전주시 덕진구청,2020-08-31, ,063-270-6389, ,127.1633275,35.8354955
84, ,165,오동제공원, ,1500.0,"조합놀이대,그네", , ,"농구대,운동기구","정자,벤치",어린이공원,전북특별자치도 전주시 덕진구 우아동2가 910-4, ,45113-00028,1985-07-31,전북특별자치도 전주시 덕진구청,2020-08-31, ,063-270-6389, ,127.1705155,35.8286846
85, ,164,왜들공원, ,1500.0,조합놀이대, , ,운동기구,"정자,벤치",어린이공원,전북특별자치도 전주시 덕진구 우아동2가 895-6, ,45113-00027,1985-07-31,전북특별자치도 전주시 덕진구청,2020-08-31, ,063-270-6389, ,127.1719287,35.8321076
86, ,163,석소공원,전북특별자치도 전주시 덕진구 석소2길 14-5,1500.0,조합놀이대, , ,"농구대,운동기구","정자,벤치",어린이공원,전북특별자치도 전주시 덕진구 우아동2가 873-1, ,45113-00026,1985-07-31,전북특별자치도 전주시 덕진구청,2020-08-31, ,063-270-6389, ,127.1692889109,35.8342553
87, ,162,호동골공원,전북특별자치도 전주시 덕진구 동부대로 371,1973.0,"조합놀이대,시소", , ,운동기구,"화장실,벤치",어린이공원,전북특별자치도 전주시 덕진구 우아동1가 1124-5, ,45113-00025,1985-07-31,전북특별자치도 전주시 덕진구청,2020-08-31, ,063-270-6389, ,127.1772739,35.8254205
88, ,161,수성로공원, ,1158.0, , , ,운동기구,"정자,벤치",어린이공원,전북특별자치도 전주시 덕진구 우아동1가 1118-1, ,45113-00024,1985-07-31,전북특별자치도 전주시 덕진구청,2020-08-31, ,063-270-6389, ,127.175069,35.8263103
89, ,160,하인교공원,전북특별자치도 전주시 덕진구 인교로 25-5,1500.0,조합놀이대, , ,"농구대,운동기구","정자,벤치",어린이공원,전북특별자치도 전주시 덕진구 우아동1가 1104-1, ,45113-00023,1985-07-31,전북특별자치도 전주시 덕진구청,2020-08-31, ,063-270-6389, ,127.1713421,35.8249724
90, ,159,산정공원,전북특별자치도 전주시 덕진구 아중천1길 40,1500.0,조합놀이대, , ,운동기구,"정자,벤치",어린이공원,전북특별자치도 전주시 덕진구 산정동 878-9, ,45113-00022,1985-07-31,전북특별자치도 전주시 덕진구청,2020-08-31, ,063-270-6389, ,127.170663,35.835702886
91, ,158,는들공원, ,16675.1,시소, , ,"배구장,족구장,축구장,운동기구","정자,화장실,벤치",근린공원,전북특별자치도 전주시 덕진구 중동 808, ,45113-00021,1984-11-08,전북특별자치도 전주시 덕진구청,2020-08-31, ,063-270-6389, ,127.065662,35.833529
92, ,157,숲정이공원, ,1550.0,"조합놀이대,시소,그네,미끄럼틀", , , ,"정자,벤치",어린이공원,전북특별자치도 전주시 덕진구 진북동 834-60, ,45113-00020,1982-08-24,전북특별자치도 전주시 덕진구청,2020-08-31, ,063-270-6389, ,127.1318468,35.8316868
93, ,156,금평공원,전북특별자치도 전주시 덕진구 명주4길 9,3305.2,"조합놀이대,시소,그네", , ,"게이트볼구장,운동기구","정자,화장실,벤치",어린이공원,전북특별자치도 전주시 덕진구 인후동2가 1556-1, ,45113-00019,1976-03-27,전북특별자치도 전주시 덕진구청,2020-08-31, ,063-270-6389, ,127.1495855287,35.8448602
94, ,155,구숙사공원, ,3066.0,"조합놀이대,그네", , ,"게이트볼구장,운동기구","정자,화장실,벤치",어린이공원,전북특별자치도 전주시 덕진구 인후동2가 1544-8, ,45113-00018,1976-03-27,전북특별자치도 전주시 덕진구청,2020-08-31, ,063-270-6389, ,127.1471596,35.8409084386
95, ,154,신기공원, ,333.2,조합놀이대, , ,운동기구,벤치,어린이공원,전북특별자치도 전주시 덕진구 우아동3가 753-29, ,45113-00017,1976-03-27,전북특별자치도 전주시 덕진구청,2020-08-31, ,063-270-6389, ,127.1630224,35.8472644
96, ,153,황산공원, ,1000.7,"조합놀이대,그네", , ,운동기구,"정자,벤치",어린이공원,전북특별자치도 전주시 덕진구 우아동3가 750-49, ,45113-00016,1976-03-27,전북특별자치도 전주시 덕진구청,2020-08-31, ,063-270-6389, ,127.1559015,35.8452209
97, ,152,우아1공원, ,1252.0, , , , ,벤치,어린이공원,전북특별자치도 전주시 덕진구 우아동3가 747-84, ,45113-00015,1976-03-27,전북특별자치도 전주시 덕진구청,2020-08-31, ,063-270-6389, ,127.1547065,35.8505996
98, ,151,동신공원,전북특별자치도 전주시 덕진구 우아6길 24,1000.6,시소, , ,운동기구,벤치,어린이공원,전북특별자치도 전주시 덕진구 우아동3가 744-139, ,45113-00014,1976-03-27,전북특별자치도 전주시 덕진구청,2020-08-31, ,063-270-6389, ,127.1586183,35.8508605
99, ,150,소공공원,전북특별자치도 전주시 덕진구 우아10길 21-24,1371.8,"조합놀이대,시소,그네", , ,운동기구,정자,어린이공원,전북특별자치도 전주시 덕진구 우아동3가 743-23, ,45113-00013,1976-03-27,전북특별자치도 전주시 덕진구청,2020-08-31, ,063-270-6389, ,127.156899787,35.8538231667
100, ,149,우아2공원, ,1140.0, , , , ,벤치,어린이공원,전북특별자치도 전주시 덕진구 우아동3가 747-84, ,45113-00012,1976-03-27,전북특별자치도 전주시 덕진구청,2020-08-31, ,063-270-6389, ,127.1562531,35.8525817
101, ,148,금암체련공원,전북특별자치도 전주시 덕진구 매봉16길 8,3304.9,조합놀이대, , ,"게이트볼구장,운동기구","정자,벤치",어린이공원,전북특별자치도 전주시 덕진구 금암동 1575-7, ,45113-00011,1976-03-27,전북특별자치도 전주시 덕진구청,2020-08-31, ,063-270-6389, ,127.1413128,35.83858803
102, ,147,꾀꼬리공원,전북특별자치도 전주시 덕진구 삼송5길 12,3303.0,조합놀이대, , ,"게이트볼구장,운동기구",벤치,어린이공원,전북특별자치도 전주시 덕진구 금암동 1546-1, ,45113-00010,1976-03-27,전북특별자치도 전주시 덕진구청,2020-08-31, ,063-270-6389, ,127.1372986,35.8433072663
103, ,146,황방산공원, ,2157909.0, , , , , ,근린공원,전북특별자치도 전주시 덕진구 팔복동3가 산 238-1, ,45113-00009,1970-04-14,전북특별자치도 전주시 덕진구청,2020-08-31, ,063-270-6389, ,127.0975899,35.8393425
104, ,145,인후공원, ,451980.0, , , ,운동기구,"정자,화장실,벤치",근린공원,전북특별자치도 전주시 덕진구 인후동1가 산 4-6, ,45113-00008,1970-04-14,전북특별자치도 전주시 덕진구청,2020-08-31, ,063-270-6389, ,127.1594673,35.8418516
105, ,144,금암공원,전북특별자치도 전주시 덕진구 떡전4길 22-5,2033.7,"조합놀이대,시소,그네", , ,"게이트볼구장,운동기구","정자,벤치",어린이공원,전북특별자치도 전주시 덕진구 금암동 756-4, ,45113-00007,1968-07-18,전북특별자치도 전주시 덕진구청,2020-08-31, ,063-270-6389, ,127.1294517,35.8368538
106, ,143,정문공원, ,35918.0, , , ,운동기구,"정자,화장실,벤치",근린공원,전북특별자치도 전주시 덕진구 중동 832, ,45113-00006,1966-02-10,전북특별자치도 전주시 덕진구청,2020-08-31, ,063-270-6389, ,127.061127,35.833044
107, ,142,오공공원, ,18988.0, , , ,운동기구,"정자,벤치",근린공원,전북특별자치도 전주시 덕진구 중동 830, ,45113-00005,1966-02-10,전북특별자치도 전주시 덕진구청,2020-08-31, ,063-270-6389, ,127.055841,35.832642
108, ,141,가련산공원, ,299713.0, , , ,운동기구,벤치,근린공원,전북특별자치도 전주시 덕진구 덕진동2가 산 27-1, ,45113-00004,1966-02-10,전북특별자치도 전주시 덕진구청,2020-08-31, ,063-270-6389, ,127.1192136,35.8436246
109, ,140,진북공원, ,1279.0,조합놀이대, , , ,벤치,어린이공원,전북특별자치도 전주시 덕진구 진북동 1031-5, ,45113-00003,1962-01-26,전북특별자치도 전주시 덕진구청,2020-08-31, ,063-270-6389, ,127.1326929714,35.8279117286
110, ,139,팔복첨단산업3-1,전북특별자치도 전주시 덕진구 반룡1길 18-3,17397.5, , , ,"배드민턴장,운동기구","정자,화장실,벤치",근린공원,전북특별자치도 전주시 덕진구 팔복동 2가 589, ,45113-00002,1938-05-09,전북특별자치도 전주시 덕진구청,2020-08-31, ,063-270-6389, ,127.0898288,35.85988555
111, ,138,덕진공원, ,3373838.0,그네, ,"음악분수,보트장","배드민턴장,축구장,풋살구장","화장실,벤치,매점",근린공원,전북특별자치도 전주시 덕진구 덕진동1가 1316-2, ,45113-00001,1938-05-09,전북특별자치도 전주시 덕진구청,2020-08-31, ,063-270-6389, ,127.1210311574,35.8474947551
112, ,137,효자공원, ,3240.0, , , , ,벤치,근린공원,전북특별자치도 전주시 완산구 효자동2가 1364-2, ,45111-00138,2006-02-17,전북특별자치도 전주시 완산구청,2020-08-31, ,063-220-5438, ,127.1048155,35.8371983
113, ,136,효자묘지공원, ,421320.0, , , , , ,묘지공원,전북특별자치도 전주시 완산구 효자동3가 산 136-1, ,45111-00137,1979-01-23,전북특별자치도 전주시 완산구청,2020-08-31, ,063-220-5438, ,127.0919738,35.8268731
114, ,135,바위백이공원, ,59814.0, , , ,운동기구,정자,근린공원,전북특별자치도 전주시 완산구 효자동3가 1858, ,45111-00136,2002-07-12,전북특별자치도 전주시 완산구청,2020-08-31, ,063-220-5438, ,127.100199,35.8169755
115, ,134,효자제5호공원, ,1580.4,조합놀이대, , ,"농구대,다목적구장,운동기구","정자,벤치",어린이공원,전북특별자치도 전주시 완산구 효자동3가 1713-18, ,45111-00135,2002-07-12,전북특별자치도 전주시 완산구청,2020-08-31, ,063-220-5438, ,127.0962956,35.8164307
116, ,133,효자제4호공원, ,1721.0,"조합놀이대,시소", , ,운동기구,"정자,벤치",어린이공원,전북특별자치도 전주시 완산구 효자동3가 1687-13, ,45111-00134,2002-07-12,전북특별자치도 전주시 완산구청,2020-08-31, ,063-220-5438, ,127.0996948,35.8199758
117, ,132,효자제3호공원, ,1721.1,"조합놀이대,시소", , , ,"정자,벤치",어린이공원,전북특별자치도 전주시 완산구 효자동3가 1641-7, ,45111-00133,2002-07-12,전북특별자치도 전주시 완산구청,2020-08-31, ,063-220-5438, ,127.0996972,35.823289
118, ,131,효자제2호공원, ,1672.4,"조합놀이대,그네", , ,"농구대,운동기구","정자,벤치",어린이공원,전북특별자치도 전주시 완산구 효자동3가 1615-22, ,45111-00132,2002-07-12,전북특별자치도 전주시 완산구청,2020-08-31, ,063-220-5438, ,127.1033266,35.826979
119, ,130,효자제1호공원, ,1629.0,조합놀이대, , , ,"정자,벤치",어린이공원,전북특별자치도 전주시 완산구 효자동3가 1604-29, ,45111-00131,2002-07-12,전북특별자치도 전주시 완산구청,2020-08-31, ,063-220-5438, ,127.1014206,35.8270928
120, ,129,문학대1공원, ,25693.0, , ,유적지, ,"화장실,벤치",근린공원,전북특별자치도 전주시 완산구 효자동3가 1587, ,45111-00130,2002-07-12,전북특별자치도 전주시 완산구청,2020-08-31, ,063-220-5438, ,127.1049263,35.829995
121, ,128,서부제4공원, ,17448.0, , , , , ,근린공원,전북특별자치도 전주시 완산구 효자동3가 1580, ,45111-00129,2002-07-12,전북특별자치도 전주시 완산구청,2020-08-31, ,063-220-5438, ,127.0998327,35.8302066
122, ,127,서부제5공원, ,39618.0, , , , , ,근린공원,전북특별자치도 전주시 완산구 효자동3가 1578, ,45111-00128,2002-07-12,전북특별자치도 전주시 완산구청,2020-08-31, ,063-220-5438, ,127.0971514,35.8295881
123, ,126,마전숲, ,17848.0,조합놀이대, ,수경설비,"배드민턴장,농구대,운동기구","정자,화장실,벤치",근린공원,전북특별자치도 전주시 완산구 효자동3가 1526-1, ,45111-00127,2002-07-12,전북특별자치도 전주시 완산구청,2020-08-31, ,063-220-5438, ,127.1106341,35.8186701
124, ,125,문학대2공원, ,71962.0, , , ,"농구대,배드민턴장,게이트볼구장,X게임장,운동기구","정자,화장실,벤치",근린공원,전북특별자치도 전주시 완산구 효자동3가 1523-2, ,45111-00126,2002-07-12,전북특별자치도 전주시 완산구청,2020-08-31, ,063-220-5438, ,127.1095755,35.828144
125, ,124,서곡공원, ,2871.0, ,야외무대, ,운동기구,"정자,벤치",어린이공원,전북특별자치도 전주시 완산구 효자동3가 1487, ,45111-00125,1994-11-07,전북특별자치도 전주시 완산구청,2020-08-31, ,063-220-5438, ,127.0987812,35.829822
126, ,123,서곡공원,전북특별자치도 전주시 완산구 서곡2길 29-6,29536.0, , , ,"족구장,운동기구","정자,화장실,벤치",근린공원,전북특별자치도 전주시 완산구 효자동3가 1485, ,45111-00124,1994-11-07,전북특별자치도 전주시 완산구청,2020-08-31, ,063-220-5438, ,127.104152836,35.8337889
127, ,122,양지뜸공원, ,4842.0,조합놀이대, , ,운동기구,"정자,벤치",어린이공원,전북특별자치도 전주시 완산구 효자동3가 1473-4, ,45111-00123,1994-11-07,전북특별자치도 전주시 완산구청,2020-08-31, ,063-220-5438, ,127.0982701,35.8323436
128, ,121,신덕공원, ,2482.0,"조합놀이대,시소,그네", , ,운동기구,정자벤치,어린이공원,전북특별자치도 전주시 완산구 효자동3가 1443-2, ,45111-00122,1994-11-07,전북특별자치도 전주시 완산구청,2020-08-31, ,063-220-5438, ,127.1025975,35.8341299
129, ,120,서중공원, ,1684.0,조합놀이대.시소, , ,"농구대,운동기구","정자,화장실,벤치",어린이공원,전북특별자치도 전주시 완산구 효자동3가 1433, ,45111-00121,1994-11-07,전북특별자치도 전주시 완산구청,2020-08-31, ,063-220-5438, ,127.1002116,35.8352748
130, ,119,모롱지공원, ,11657.0,조합놀이대, , ,"배드민턴장,게이트볼구장,테니스장,운동기구","정자,화장실,벤치",근린공원,전북특별자치도 전주시 완산구 효자동3가 1407-3, ,45111-00120,1994-11-07,전북특별자치도 전주시 완산구청,2020-08-31, ,063-220-5438, ,127.1040954,35.8364638
131, ,118,백로공원, ,55017.0, , , , , ,근린공원,전북특별자치도 전주시 완산구 효자동2가 산 61, ,45111-00119,2012-12-21,전북특별자치도 전주시 완산구청,2020-08-31, ,063-220-5438, ,127.1074326,35.8008763
132, ,117,천잠공원, ,813872.0, , , , , ,근린공원,전북특별자치도 전주시 완산구 효자동2가 산 139, ,45111-00118,1995-06-29,전북특별자치도 전주시 완산구청,2020-08-31, ,063-220-5438, ,127.0845831,35.8101898
133, ,116,신주공원, ,1633.0,물놀이, , , , ,어린이공원,전북특별자치도 전주시 완산구 효자동2가 335, ,45111-00117,2012-12-21,전북특별자치도 전주시 완산구청,2020-08-31, ,063-220-5438, ,127.1024329,35.8010698
134, ,115,우전공원, ,3094.0, , , , , ,어린이공원,전북특별자치도 전주시 완산구 효자동2가 306, ,45111-00116,2007-12-26,전북특별자치도 전주시 완산구청,2020-08-31, ,063-220-5438, ,127.1041882,35.7991459
135, ,114,모꼬지공원, ,18059.0, , , , , ,근린공원,전북특별자치도 전주시 완산구 효자동2가 1-7, ,45111-00115,2007-12-26,전북특별자치도 전주시 완산구청,2020-08-31, ,063-220-5438, ,127.1127716643,35.8130924605
136, ,113,용호근린공원, ,31330.0,조합놀이대, ,수경설비,"배드민턴장,게이트볼구장,이라인스케이트장,운동기구","정자,화장실,벤치",근린공원,전북특별자치도 전주시 완산구 효자동2가 1333-2, ,45111-00114,2006-04-27,전북특별자치도 전주시 완산구청,2020-08-31, ,063-220-5438, ,127.104279,35.806049
137, ,112,나무향공원, ,2276.0,"조합놀이대,시소,그네", , ,운동기구,"정자,벤치",어린이공원,전북특별자치도 전주시 완산구 효자동2가 1329-7, ,45111-00113,2006-04-27,전북특별자치도 전주시 완산구청,2020-08-31, ,063-220-5438, ,127.105874,35.809874
138, ,111,불빛공원, ,2579.0,"조합놀이대,그네", , ,"다목적구장,운동기구","정자,벤치",어린이공원,전북특별자치도 전주시 완산구 효자동2가 1322, ,45111-00112,2006-04-27,전북특별자치도 전주시 완산구청,2020-08-31, ,063-220-5438, ,127.102271,35.805541
139, ,110,토방공원, ,2477.0, , , ,"게이트볼구장,운동기구","정자,벤치",어린이공원,전북특별자치도 전주시 완산구 효자동2가 1315-5, ,45111-00111,2006-04-27,전북특별자치도 전주시 완산구청,2020-08-31, ,063-220-5438, ,127.101497,35.809807
140, ,109,이바디공원, ,14061.0,조합놀이대, , ,"배드민턴장,운동기구","정자,벤치",근린공원,전북특별자치도 전주시 완산구 효자동2가 1314-8, ,45111-00110,2006-04-27,전북특별자치도 전주시 완산구청,2020-08-31, ,063-220-5438, ,127.1011168,35.81069673
141, ,108,물빛채공원, ,4371.0,"조합놀이대,그네", , ,"배드민턴장,운동기구","정자,벤치",어린이공원,전북특별자치도 전주시 완산구 효자동2가 1314-7, ,45111-00109,2006-04-27,전북특별자치도 전주시 완산구청,2020-08-31, ,063-220-5438, ,127.101282,35.811213
142, ,107,금파공원, ,2326.0,"조합놀이대,그네", , ,운동기구,"정자,벤치",어린이공원,전북특별자치도 전주시 완산구 효자동2가 1314-3, ,45111-00108,2006-04-27,전북특별자치도 전주시 완산구청,2020-08-31, ,063-220-5438, ,127.098195,35.809558
143, ,106,사이언스공원, ,2983.0,그네, , ,"농구대,운동기구","정자,벤치",어린이공원,전북특별자치도 전주시 완산구 효자동2가 1310, ,45111-00107,2006-04-27,전북특별자치도 전주시 완산구청,2020-08-31, ,063-220-5438, ,127.095438,35.809352
144, ,105,효자제7호공원, ,1538.9,"조합놀이대,시소,그네", , ,운동기구,"정자,벤치",어린이공원,전북특별자치도 전주시 완산구 효자동2가 1260-18, ,45111-00106,2002-07-12,전북특별자치도 전주시 완산구청,2020-08-31, ,063-220-5438, ,127.1042459,35.8124352
145, ,104,효자제6호공원, ,1716.0,"조합놀이대,그네", , , ,"정자,벤치",어린이공원,전북특별자치도 전주시 완산구 효자동2가 1247-13, ,45111-00105,2002-07-12,전북특별자치도 전주시 완산구청,2020-08-31, ,063-220-5438, ,127.099199,35.8126301
146, ,103,푸른연꽃공원, ,1498.0,"조합놀이대,시소", , ,운동기구,"정자,벤치",어린이공원,전북특별자치도 전주시 완산구 효자동2가 1205-1, ,45111-00104,2004-11-03,전북특별자치도 전주시 완산구청,2020-08-31, ,063-220-5438, ,127.0991338,35.8037085
147, ,102,달맞이공원, ,1891.0,조합놀이대, , ,운동기구,"정자,벤치",어린이공원,전북특별자치도 전주시 완산구 효자동2가 1201-3, ,45111-00103,2004-11-03,전북특별자치도 전주시 완산구청,2020-08-31, ,063-220-5438, ,127.1015881,35.8070229
148, ,101,솔바람공원, ,11342.0, , , ,운동기구,"화장실,벤치",근린공원,전북특별자치도 전주시 완산구 효자동2가 1200-1, ,45111-00102,2004-11-03,전북특별자치도 전주시 완산구청,2020-08-31, ,063-220-5438, ,127.1000324,35.8063416
149, ,100,효열공원, ,12195.0, , , ,"배드민턴장,운동기구","정자,벤치",근린공원,전북특별자치도 전주시 완산구 효자동2가 1193-7, ,45111-00101,2004-11-03,전북특별자치도 전주시 완산구청,2020-08-31, ,063-220-5438, ,127.0988615,35.8069493
150, ,99,도화공원, ,1984.0,"조합놀이대,시소", , ,운동기구,"정자,벤치",어린이공원,전북특별자치도 전주시 완산구 효자동2가 1193-5, ,45111-00100,2004-11-03,전북특별자치도 전주시 완산구청,2020-08-31, ,063-220-5438, ,127.0981013,35.8072501
151, ,98,선율공원, ,1909.0,조합놀이대, , ,"농구대,운동기구","정자,벤치",어린이공원,전북특별자치도 전주시 완산구 효자동2가 1192-2, ,45111-00099,2004-11-03,전북특별자치도 전주시 완산구청,2020-08-31, ,063-220-5438, ,127.100273,35.8091356
152, ,97,한지공원, ,1952.0,조합놀이대, , ,운동기구,"정자,벤치",어린이공원,전북특별자치도 전주시 완산구 효자동2가 1191-3, ,45111-00098,2004-11-03,전북특별자치도 전주시 완산구청,2020-08-31, ,063-220-5438, ,127.0956845,35.8072797
153, ,96,효자제8호공원, ,1537.5,"조합놀이대,시소,그네", , ,운동기구,"농구대,벤치",어린이공원,전북특별자치도 전주시 완산구 효자동2가 1164-1, ,45111-00097,2002-07-12,전북특별자치도 전주시 완산구청,2020-08-31, ,063-220-5438, ,127.1086926,35.8129748
154, ,95,안행공원,전북특별자치도 전주시 완산구 외칠봉4길 9,20497.0, , , , ,"정자,화장실,벤치",근린공원,전북특별자치도 전주시 완산구 효자동1가 산 132-1, ,45111-00096,1995-07-05,전북특별자치도 전주시 완산구청,2020-08-31, ,063-220-5438, ,127.1360226455,35.8053804582
155, ,94,은빛공원, ,2054.0,"조합놀이대,시소", , ,"게이트볼구장,운동기구","정자,화장실,벤치",어린이공원,전북특별자치도 전주시 완산구 효자동1가 690-5, ,45111-00095,1992-11-17,전북특별자치도 전주시 완산구청,2020-08-31, ,063-220-5438, ,127.1339696,35.8030586
156, ,93,안행공원, ,1442.0, , , ,운동기구,"정자,밴치",어린이공원,전북특별자치도 전주시 완산구 효자동1가 681, ,45111-00094,1992-11-17,전북특별자치도 전주시 완산구청,2020-08-31, ,063-220-5438, , ,35.8044863
157, ,92,효림공원, ,3144.0,"시소,그네", , ,운동기구,"정자,화장실,벤치",어린이공원,전북특별자치도 전주시 완산구 효자동1가 659-4, ,45111-00093,1994-07-29,전북특별자치도 전주시 완산구청,2020-08-31, ,063-220-5438, ,127.113925,35.8027494
158, ,91,풍남공원, ,1600.0,"시소,그네", , ,운동기구,"정자,화장실,벤치",어린이공원,전북특별자치도 전주시 완산구 효자동1가 655, ,45111-00092,1969-06-10,전북특별자치도 전주시 완산구청,2020-08-31, ,063-220-5438, ,127.1143843,35.8007447
159, ,90,효문공원, ,2400.0,"시소,그네", , ,"배드민턴장,운동기구","정자,화장실,벤치",어린이공원,전북특별자치도 전주시 완산구 효자동1가 653, ,45111-00091,1969-06-10,전북특별자치도 전주시 완산구청,2020-08-31, ,063-220-5438, ,127.1148279,35.8024469
160, ,89,효자공원, ,31597.0, , , ,"배드민턴장,운동기구","정자,화장실,벤치",근린공원,전북특별자치도 전주시 완산구 효자동1가 634, ,45111-00090,1989-06-09,전북특별자치도 전주시 완산구청,2020-08-31, ,063-220-5438, ,127.1206077,35.8112807
161, ,88,장성공원, ,2312.0,"시소,그네,미끄럼틀", , ,운동기구,"정자,화장실,벤치",어린이공원,전북특별자치도 전주시 완산구 효자동1가 631, ,45111-00089,1986-07-29,전북특별자치도 전주시 완산구청,2020-08-31, ,063-220-5438, ,127.1170369,35.8090833
162, ,87,가절길공원,전북특별자치도 전주시 완산구 신봉3길 17-14,2228.7,"조합놀이대,시소", , ,운동기구,"정자,화장실,벤치",어린이공원,전북특별자치도 전주시 완산구 효자동1가 610, ,45111-00088,1986-07-29,전북특별자치도 전주시 완산구청,2020-08-31, ,063-220-5438, ,127.1159247,35.8119200913
163, ,86,양지공원,전북특별자치도 전주시 완산구 송정로 15,1658.5,"시소,그네,미끄럼틀", , ,운동기구,"정자,벤치",어린이공원,전북특별자치도 전주시 완산구 효자동1가 576-4, ,45111-00087,1986-03-06,전북특별자치도 전주시 완산구청,2020-08-31, ,063-220-5438, ,127.1183502,35.8024157203
164, ,85,성지산공원,전북특별자치도 전주시 완산구 성지산로 55,10000.0, , , ,"배드민턴장,운동기구","정자,화장실,벤치",근린공원,전북특별자치도 전주시 완산구 효자동1가 567-1, ,45111-00086,1985-11-06,전북특별자치도 전주시 완산구청,2020-08-31, ,063-220-5438, ,127.1235308,35.802042
165, ,84,신리공원, ,1500.0,"시소,그네,미끄럼틀", , ,운동기구,"정자,벤치",어린이공원,전북특별자치도 전주시 완산구 효자동1가 551, ,45111-00085,1986-03-06,전북특별자치도 전주시 완산구청,2020-08-31, ,063-220-5438, ,127.1224238,35.8048145
166, ,83,간납대2, ,265.0, , , , , ,소공원,전북특별자치도 전주시 완산구 풍남동3가 9-29, ,45111-00084,2008-06-20,전북특별자치도 전주시 완산구청,2020-08-31, ,063-220-5438, ,127.1553713,35.816187
167, ,82,간납대1, ,1132.0, , , , , ,소공원,전북특별자치도 전주시 완산구 풍남동3가 83-13, ,45111-00083,2008-06-20,전북특별자치도 전주시 완산구청,2020-08-31, ,063-220-5438, ,127.1520713,35.8174482
168, ,81,중앙공원, ,49620.0, , , , ,"화장실,벤치",역사공원,전북특별자치도 전주시 완산구 풍남동3가 102, ,45111-00082,1938-05-09,전북특별자치도 전주시 완산구청,2020-08-31, ,063-220-5438, ,127.1501926,35.815133
169, ,80,평화3-3호공원, ,2210.0,그네, , ,"농구대,운동기구","정자,벤치",어린이공원,전북특별자치도 전주시 완산구 평화동2가 897-2, ,45111-00081,1998-07-23,전북특별자치도 전주시 완산구청,2020-08-31, ,063-220-5438, ,127.1323374,35.7833388
170, ,79,평화3-2호공원, ,2400.0,"야외무대,조합놀이대,시소", ,수경설비,운동기구,"정자,벤치",어린이공원,전북특별자치도 전주시 완산구 평화동2가 896-2, ,45111-00080,1998-07-23,전북특별자치도 전주시 완산구청,2020-08-31, ,063-220-5438, ,127.1344426,35.7856694
171, ,78,평화3-1호공원, ,2755.0,조합놀이대, , ,"배드민턴장,운동기구","정자,벤치",어린이공원,전북특별자치도 전주시 완산구 평화동2가 889-6, ,45111-00079,1998-07-23,전북특별자치도 전주시 완산구청,2020-08-31, ,063-220-5438, ,127.1316752,35.7861578
172, ,77,맏내공원, ,1677.0,조합놀이대, , ,운동기구,"정자,벤치",어린이공원,전북특별자치도 전주시 완산구 평화동2가 873-5, ,45111-00078,1994-04-29,전북특별자치도 전주시 완산구청,2020-08-31, ,063-220-5438, ,127.1361154,35.788911
173, ,76,참새암공원, ,1511.5,수경설비, , , ,"정자,화장실,벤치",어린이공원,전북특별자치도 전주시 완산구 평화동2가 858-4, ,45111-00077,1994-04-29,전북특별자치도 전주시 완산구청,2020-08-31, ,063-220-5438, ,127.1352112,35.7918147
174, ,75,새터공원,전북특별자치도 전주시 완산구 맏내2길 20,3414.0,조합놀이대, , ,"족구장,농구대,운동기구","정자,벤치",어린이공원,전북특별자치도 전주시 완산구 평화동2가 846-1, ,45111-00076,1994-04-29,전북특별자치도 전주시 완산구청,2020-08-31, ,063-220-5438, ,127.1296714,35.7920158109
175, ,74,신성공원, ,15152.0, , ,수경설비, , ,근린공원,전북특별자치도 전주시 완산구 평화동2가 230-133, ,45111-00075,1986-05-08,전북특별자치도 전주시 완산구청,2020-08-31, ,063-220-5438, ,127.1345432,35.7910789
176, ,73,평화1공원, ,2861.0, , , ,운동기구,"화장실,벤치",어린이공원,전북특별자치도 전주시 완산구 평화동1가 745-1, ,45111-00074,1994-04-29,전북특별자치도 전주시 완산구청,2020-08-31, ,063-220-5438, ,127.1373393,35.7919408
177, ,72,감나무골공원, ,1932.0,조합놀이대, , ,운동기구,"정자,벤치",어린이공원,전북특별자치도 전주시 완산구 평화동1가 740-1, ,45111-00073,1994-04-29,전북특별자치도 전주시 완산구청,2020-08-31, ,063-220-5438, ,127.138129,35.7947307
178, ,71,평화제2공원, ,1974.0,조합놀이대, , ,운동기구,"정자,벤치",어린이공원,전북특별자치도 전주시 완산구 평화동1가 722-1, ,45111-00072,1994-04-29,전북특별자치도 전주시 완산구청,2020-08-31, ,063-220-5438, ,127.1336865,35.7952008
179, ,70,평화제1공원, ,205.5,조합놀이대, , , ,"정자,벤치",어린이공원,전북특별자치도 전주시 완산구 평화동1가 597-6, ,45111-00071,1984-06-08,전북특별자치도 전주시 완산구청,2020-08-31, ,063-220-5438, ,127.1331757,35.7966978
180, ,69,도화봉공원, ,393.5,조합놀이대, , , ,벤치,어린이공원,전북특별자치도 전주시 완산구 평화동1가 592-2, ,45111-00070,1984-06-08,전북특별자치도 전주시 완산구청,2020-08-31, ,063-220-5438, ,127.1336338,35.796793
181, ,68,태평공원, ,4146.0,"조합놀이대,시소,미끄럼틀", , ,"게이트볼구장,운동기구","정자,화장실,벤치",어린이공원,전북특별자치도 전주시 완산구 태평동 293, ,45111-00069,2006-09-01,전북특별자치도 전주시 완산구청,2020-08-31, ,063-220-5438, ,127.141437,35.8257548
182, ,67,태평소공원, ,768.0, , , , ,벤치,소공원,전북특별자치도 전주시 완산구 태평동 293, ,45111-00068,2006-09-01,전북특별자치도 전주시 완산구청,2020-08-31, ,063-220-5438, ,127.1384055,35.8253654
183, ,66,태평문화공원, ,7211.0, , , , ,벤치,문화공원,전북특별자치도 전주시 완산구 태평동 293, ,45111-00067,2006-09-01,전북특별자치도 전주시 완산구청,2020-08-31, ,063-220-5438, ,127.1384268,35.823736
184, ,65,화산공원, ,572867.0, , ,"빙상경기장,수경설비","빙상경기장,배드민턴장,운동기구","벤치,매점,화장실,벤치",근린공원,전북특별자치도 전주시 완산구 중화산동2가 산 83-1, ,45111-00066,1970-04-14,"전북특별자치도 전주시 완산,덕진구청",2020-08-31, ,063-220-5438, ,127.1272054,35.819811
185, ,64,109호공원, ,1513.0, , , , , ,어린이공원,전북특별자치도 전주시 완산구 중화산동2가 819-1, ,45111-00065,1997-01-22,전북특별자치도 전주시 완산구청,2020-08-31, ,063-220-5438, ,127.1147651,35.8210657
186, ,63,112호공원, ,1510.0, , , , , ,어린이공원,전북특별자치도 전주시 완산구 중화산동2가 775-3, ,45111-00064,1997-01-22,전북특별자치도 전주시 완산구청,2020-08-31, ,063-220-5438, ,127.1168265,35.8180966
187, ,62,110호공원, ,1512.0, , , , , ,어린이공원,전북특별자치도 전주시 완산구 중화산동2가 763-4, ,45111-00063,1997-01-22,전북특별자치도 전주시 완산구청,2020-08-31, ,063-220-5438, ,127.1147908,35.8196463
188, ,61,111호공원, ,1531.0, , , , , ,어린이공원,전북특별자치도 전주시 완산구 중화산동2가 757-1, ,45111-00062,1997-01-22,전북특별자치도 전주시 완산구청,2020-08-31, ,063-220-5438, ,127.1172278,35.8202248
189, ,60,33호공원, ,10330.0, , , ,"농구대,배드민턴장,게이트볼구장,운동기구","정자,화장실,벤치",근린공원,전북특별자치도 전주시 완산구 중화산동2가 746-3, ,45111-00061,1997-02-04,전북특별자치도 전주시 완산구청,2020-08-31, ,063-220-5438, ,127.1144597,35.8223532
190, ,59,매너머공원, ,1674.0,"시소,그네", , ,"농구대,운동기구",벤치,어린이공원,전북특별자치도 전주시 완산구 중화산동2가 702-1, ,45111-00060,1988-11-07,전북특별자치도 전주시 완산구청,2020-08-31, ,063-220-5438, ,127.1189399,35.8225249
191, ,58,중산공원, ,12237.0,조합놀이대, , ,"게이트볼구장,운동기구","정자,화장실,벤치",근린공원,전북특별자치도 전주시 완산구 중화산동2가 687, ,45111-00059,1986-05-08,전북특별자치도 전주시 완산구청,2020-08-31, ,063-220-5438, ,127.1215811,35.82481675
192, ,57,한두평공원, ,1500.0,"그네,미끄럼틀", , ,운동기구,"정자,화장실,벤치",어린이공원,전북특별자치도 전주시 완산구 중화산동2가 662-5, ,45111-00058,1988-11-07,전북특별자치도 전주시 완산구청,2020-08-31, ,063-220-5438, ,127.1247716,35.813695
193, ,56,근영공원, ,1500.0,조합놀이대, , ,"농구대,운동기구","정자,화장실,벤치",어린이공원,전북특별자치도 전주시 완산구 중화산동2가 655-4, ,45111-00057,1992-05-30,전북특별자치도 전주시 완산구청,2020-08-31, ,063-220-5438, ,127.1246971,35.8171537
194, ,55,화산네거리공원, ,1500.0,"조합놀이대,시소", , ,"농구대,운동기구","정자,화장실,벤치",어린이공원,전북특별자치도 전주시 완산구 중화산동2가 643, ,45111-00056,1988-11-07,전북특별자치도 전주시 완산구청,2020-08-31, ,063-220-5438, ,127.1212353,35.8135683
195, ,54,중산3길공원, ,1500.0,"시소,그네", , ,"농구대,운동기구","정자,화장실,벤치",어린이공원,전북특별자치도 전주시 완산구 중화산동2가 630, ,45111-00055,1988-11-07,전북특별자치도 전주시 완산구청,2020-08-31, ,063-220-5438, ,127.1221999,35.8158115
196, ,53,중산5길공원, ,1500.0,"조합놀이대,시소", , ,"농구대,운동기구","정자,화장실,벤치",어린이공원,전북특별자치도 전주시 완산구 중화산동2가 619, ,45111-00054,1988-11-07,전북특별자치도 전주시 완산구청,2020-08-31, ,063-220-5438, ,127.1189053,35.8154368
197, ,52,중산10길공원, ,1500.0,"그네,미끄럼틀", , ,운동기구,"화장실,벤치",어린이공원,전북특별자치도 전주시 완산구 중화산동2가 598, ,45111-00053,1988-11-07,전북특별자치도 전주시 완산구청,2020-08-31, ,063-220-5438, ,127.1221124,35.8184309
198, ,51,인정길공원, ,6000.0,조합놀이대, , ,"농구대,다목적구장,운동기구","정자,화장실,벤치",어린이공원,전북특별자치도 전주시 완산구 중화산동2가 586, ,45111-00052,1988-11-07,전북특별자치도 전주시 완산구청,2020-08-31, ,063-220-5438, ,127.1196074,35.819395
199, ,50,메너머1길공원, ,1500.0,조합놀이대, , ,운동기구,"정자,화장실,벤치",어린이공원,전북특별자치도 전주시 완산구 중화산동2가 573, ,45111-00051,1986-07-29,전북특별자치도 전주시 완산구청,2020-08-31, ,063-220-5438, ,127.1215155,35.8217839
200, ,49,선너머공원, ,12351.0,"조합놀이대,회전무대,정글집", , ,"배드민턴장,운동기구","정자,화장실,벤치",근린공원,전북특별자치도 전주시 완산구 중화산동2가 547, ,45111-00050,1986-06-09,전북특별자치도 전주시 완산구청,2020-08-31, ,063-220-5438, ,127.1264138,35.8098485
201, ,48,다가공원, ,66085.0, , , ,배드민턴장,"정자,화장실,벤치",근린공원,전북특별자치도 전주시 완산구 중화산동1가 150-3, ,45111-00049,1970-04-14,전북특별자치도 전주시 완산구청,2020-08-31, ,063-220-5438, ,127.1378153,35.814131
202, ,47,모악산도립공원, ,5608490.0, , , , , ,근린공원,전북특별자치도 전주시 완산구 중인동 1129, ,45111-00048,1971-12-01,전북특별자치도 전주시 완산구청,2020-08-31, ,063-220-5438, ,127.0913206,35.7583868
203, ,46,풍남, ,191.0, , , , , ,소공원,전북특별자치도 전주시 완산구 효자동 1가 655, ,45111-00046,2008-03-04,전북특별자치도 전주시 완산구청,2020-08-31, ,063-220-5438, ,127.1519846,35.822165
204, ,45,가락구역, ,219.0, , , , , ,소공원,전북특별자치도 전주시 완산구 서완산동1가 574-3, ,45111-00045,2008-06-20,전북특별자치도 전주시 완산구청,2020-08-31, ,063-220-5438, ,127.1383656, 
205, ,44,가락구역, ,75.0, , , , , ,소공원,전북특별자치도 전주시 완산구 서완산동1가 525-6, ,45111-00044,2008-06-20,전북특별자치도 전주시 완산구청,2020-08-31, ,063-220-5438, ,127.1385021,35.8127361
206, ,43,강당재, ,125.0, , , , , ,소공원,전북특별자치도 전주시 완산구 서완산동 2가 79-24, ,45111-00043,2008-06-20,전북특별자치도 전주시 완산구청,2020-08-31, ,063-220-5438, ,127.1338864015,35.810825937
207, ,42,재뜸공원, ,2292.0,조합놀이대, , ,운동기구,"정자,화장실,벤치",어린이공원,전북특별자치도 전주시 완산구 서신동 988, ,45111-00042,1987-04-30,전북특별자치도 전주시 완산구청,2020-08-31, ,063-220-5438, ,127.123354,35.8267879
208, ,41,선수촌공원, ,7818.0,조합놀이대, , ,"농구대,운동기구","정자,벤치",어린이공원,전북특별자치도 전주시 완산구 서신동 965-4, ,45111-00041,1992-05-30,전북특별자치도 전주시 완산구청,2020-08-31, ,063-220-5438, ,127.1191793,35.8347051
209, ,40,서부공원, ,6960.0,"야외무대,조합놀이대", , ,"게이트볼구장,운동기구","정자,화장실,벤치",어린이공원,전북특별자치도 전주시 완산구 서신동 962-5, ,45111-00040,1994-09-16,전북특별자치도 전주시 완산구청,2020-08-31, ,063-220-5438, ,127.113067,35.8342401
210, ,39,서일공원, ,10674.0, , , , , ,근린공원,전북특별자치도 전주시 완산구 서신동 960-3, ,45111-00039,2008-03-04,전북특별자치도 전주시 완산구청,2020-08-31, ,063-220-5438, ,127.1158846,35.8365691
211, ,38,고사평서 공원, ,1668.0,"시소,그네", , ,"농구대,배드민턴장,운동기구","정자,벤치",어린이공원,전북특별자치도 전주시 완산구 서신동 944-1, ,45111-00038,1994-09-16,전북특별자치도 전주시 완산구청,2020-08-31, ,063-220-5438, ,127.1086379,35.8360794
212, ,37,서여울길공원, ,1548.0,"조합놀이대,시소,그네", , ,"배구장,운동기구","정자,화장실,벤치",어린이공원,전북특별자치도 전주시 완산구 서신동 929-2, ,45111-00037,1994-09-16,전북특별자치도 전주시 완산구청,2020-08-31, ,063-220-5438, ,127.1111833,35.8361108
213, ,36,명당골공원, ,1622.0,"조합놀이대,시소,그네", , ,운동기구,"정자,벤치",어린이공원,전북특별자치도 전주시 완산구 서신동 887-8, ,45111-00036,1994-09-16,전북특별자치도 전주시 완산구청,2020-08-31, ,063-220-5438, ,127.1192304,35.8261764
214, ,35,바구멀, ,314.0, , , , , ,소공원,전북특별자치도 전주시 완산구 서신동 8-4, ,45111-00035,2008-06-20,전북특별자치도 전주시 완산구청,2020-08-31, ,063-220-5438, ,127.1252804,35.8283414
215, ,34,용두길공원, ,2802.0,"조합놀이대,시소,그네", , ,운동기구,"정자,벤치",어린이공원,전북특별자치도 전주시 완산구 서신동 844, ,45111-00034,1992-05-30,전북특별자치도 전주시 완산구청,2020-08-31, ,063-220-5438, ,127.1134503,35.8271425
216, ,33,전룡공원, ,3426.0,"조합놀이대,시소", , ,운동기구,"화장실,벤치",어린이공원,전북특별자치도 전주시 완산구 서신동 834, ,45111-00033,1983-07-26,전북특별자치도 전주시 완산구청,2020-08-31, ,063-220-5438, ,127.1169144,35.8278431
217, ,32,서신길공원,전북특별자치도 전주시 완산구 당산로 56,11473.0, , , , , ,근린공원,전북특별자치도 전주시 완산구 서신동 795, ,45111-00032,2008-03-04,전북특별자치도 전주시 완산구청,2020-08-31, ,063-220-5438, ,127.1144504248,35.8315915774
218, ,31,도내기샘공원, ,11207.0, , , , , ,근린공원,전북특별자치도 전주시 완산구 서신동 794, ,45111-00031,2008-03-04,전북특별자치도 전주시 완산구청,2020-08-31, ,063-220-5438, ,127.1164076,35.8316248
219, ,30,안터공원, ,5574.0,조합놀이대, , ,운동기구,"화장실,벤치",어린이공원,전북특별자치도 전주시 완산구 서신동 787-1, ,45111-00030,1993-07-23,전북특별자치도 전주시 완산구청,2020-08-31, ,063-220-5438, ,127.1195215,35.8310843
220, ,29,고사평 동 공원, ,1907.0,조합놀이대, , ,"축구장,농구대,운동기구","정자,화장실,벤치",어린이공원,전북특별자치도 전주시 완산구 서신동 1018, ,45111-00029,1993-07-23,전북특별자치도 전주시 완산구청,2020-08-31, ,063-220-5438, ,127.1088658,35.8380711
221, ,28,흑석골, ,1689.0, , , , , ,소공원,전북특별자치도 전주시 완산구 서서학동 986-6, ,45111-00028,2010-03-05,전북특별자치도 전주시 완산구청,2020-08-31, ,063-220-5438, ,127.1494195,35.7976637
222, ,27,장승백이, ,321.0, , , , , ,소공원,전북특별자치도 전주시 완산구 서서학동 산27-2, ,45111-00027,2008-06-20,전북특별자치도 전주시 완산구청,2020-08-31, ,063-220-5438, ,127.1451674,35.8019409
223, ,26,불무 1, ,478.0, , , , , ,소공원,전북특별자치도 전주시 완산구 서서학동 369-3, ,45111-00026,2010-03-05,전북특별자치도 전주시 완산구청,2020-08-31, ,063-220-5438, ,127.1466813246,35.8042163
224, ,25,재실구역, ,4719.0,"조합놀이대,시소", , ,운동기구,"정자,화장실,벤치",어린이공원,전북특별자치도 전주시 완산구 서서학동 358-14, ,45111-00025,1994-09-16,전북특별자치도 전주시 완산구청,2020-08-31, ,063-220-5438, ,127.1482498,35.8021494
225, ,24,불무 2, ,257.0, , , , , ,소공원,전북특별자치도 전주시 완산구 서서학동 102-2, ,45111-00024,2008-06-20,전북특별자치도 전주시 완산구청,2020-08-31, ,063-220-5438, ,127.1465562,35.8048088
226, ,23,삼천공원, ,1289691.0, , , , , ,근린공원,전북특별자치도 전주시 완산구 삼천동2가 산 82-1, ,45111-00023,2008-03-04,전북특별자치도 전주시 완산구청,2020-08-31, ,063-220-5438, ,127.0935428,35.7847381
227, ,22,효천공원, ,1758.0,조합놀이대, , , , ,어린이공원,전북특별자치도 전주시 완산구 삼천동2가 78-3, ,45111-00022,2008-06-20,전북특별자치도 전주시 완산구청,2020-08-31, ,063-220-5438, ,127.1049515,35.7954049
228, ,21,함대공원, ,2078.0,"조합놀이대,시소,미끄럼틀", , , , ,어린이공원,전북특별자치도 전주시 완산구 삼천동2가 43, ,45111-00021,2012-12-21,전북특별자치도 전주시 완산구청,2020-08-31, ,063-220-5438, ,127.1070337,35.7947967
229, ,20,삼천주공공원, ,1500.0, , , , , ,어린이공원,전북특별자치도 전주시 완산구 삼천동1가 765-1, ,45111-00020,2012-12-21,전북특별자치도 전주시 완산구청,2020-08-31, ,063-220-5438, ,127.1113363,35.794779
230, ,19,신안행로공원, ,1690.0,조합놀이대, , ,"농구대,운동기구","정자,벤치",어린이공원,전북특별자치도 전주시 완산구 삼천동1가 750-3, ,45111-00019,1996-12-27,전북특별자치도 전주시 완산구청,2020-08-31, ,063-220-5438, ,127.1315591,35.799774
231, ,18,안행구획제1공원, ,1556.0,"조합놀이대,시소,미끄럼틀", , ,"배드민턴장,운동기구","정자,벤치",어린이공원,전북특별자치도 전주시 완산구 삼천동1가 739, ,45111-00018,1992-11-17,전북특별자치도 전주시 완산구청,2020-08-31, ,063-220-5438, ,127.1293304,35.8019499
232, ,17,곰솔나무길공원, ,1759.0, , , , ,벤치,문화공원,전북특별자치도 전주시 완산구 삼천동1가 732-5, ,45111-00017,1992-11-17,전북특별자치도 전주시 완산구청,2020-08-31, ,063-220-5438, ,127.128379,35.8003179
233, ,16,강변공원, ,9927.0, , , , , ,근린공원,전북특별자치도 전주시 완산구 삼천동1가 724-1, ,45111-00016,1993-08-17,전북특별자치도 전주시 완산구청,2020-08-31, ,063-220-5438, ,127.1108026,35.7992915
234, ,15,거마공원, ,20187.0, , , ,"족구장,핸드볼장,농구대,운동기구","정자,화장실,벤치",근린공원,전북특별자치도 전주시 완산구 삼천동1가 707, ,45111-00015,1994-09-16,전북특별자치도 전주시 완산구청,2020-08-31, ,063-220-5438, ,127.1226567,35.7984286
235, ,14,모퉁이공원, ,2098.0,조합놀이대, , ,운동기구,"정자,벤치",어린이공원,전북특별자치도 전주시 완산구 삼천동1가 672-1, ,45111-00014,1992-11-17,전북특별자치도 전주시 완산구청,2020-08-31, ,063-220-5438, ,127.1181687,35.7936774
236, ,13,그린공원,전북특별자치도 전주시 완산구 거마남로 41,11335.0, , ,수경설비,"게이트볼구장,운동기구","정자,화장실,벤치",근린공원,전북특별자치도 전주시 완산구 삼천동1가 659, ,45111-00013,1992-05-08,전북특별자치도 전주시 완산구청,2020-08-31, ,063-220-5438, ,127.1214675,35.7949210465
237, ,12,세내공원,전북특별자치도 전주시 완산구 거마산3길 10,4068.0,"조합놀이대,그네", , ,운동기구,"정자,화장실,벤치",어린이공원,전북특별자치도 전주시 완산구 삼천동1가 636, ,45111-00012,1986-07-29,전북특별자치도 전주시 완산구청,2020-08-31, ,063-220-5438, ,127.124643,35.7960636
238, ,11,약수공원,전북특별자치도 전주시 완산구 상거마4길 15,2099.0,"시소,그네", , ,"농구대,운동기구","정자,화장실,벤치",어린이공원,전북특별자치도 전주시 완산구 삼천동1가 615-4, ,45111-00011,1986-07-29,전북특별자치도 전주시 완산구청,2020-08-31, ,063-220-5438, ,127.1211804,35.79702585
239, ,10,송정공원, ,1570.0,"조합놀이대,시소,그네", , ,운동기구,"정자,화장실,벤치",어린이공원,전북특별자치도 전주시 완산구 삼천동1가 609, ,45111-00010,1986-07-29,전북특별자치도 전주시 완산구청,2020-08-31, ,063-220-5438, ,127.117393,35.7978989
240, ,9,상산공원, ,1658.0,"시소,그네", , ,운동기구,"정자,화장실,벤치",어린이공원,전북특별자치도 전주시 완산구 삼천동1가 577, ,45111-00009,1986-07-29,전북특별자치도 전주시 완산구청,2020-08-31, ,063-220-5438, ,127.1198769,35.8006886
241, ,8,완산공원, ,650887.0,"조합놀이대,시소", , ,"배드민턴장,농구대,운동기구","정자,화장실,벤치",근린공원,전북특별자치도 전주시 완산구 동완산동 산 121-1, ,45111-00008,1992-05-08,전북특별자치도 전주시 완산구청,2020-08-31, ,063-220-5438, ,127.1417695307,35.8096823912
242, ,7,원각사, ,238.0, , , , , ,소공원,전북특별자치도 전주시 완산구 동완산동 272-1, ,45111-00007,2008-06-20,전북특별자치도 전주시 완산구청,2020-08-31, ,063-220-5438, ,127.1428994363,35.8114164322
243, ,6,산성공원, ,1630490.0, , , ,운동기구,"정자,화장실,벤치",역사공원,전북특별자치도 전주시 완산구 동서학동 산 157, ,45111-00006,1966-02-10,전북특별자치도 전주시 완산구청,2020-08-31, ,063-220-5438, ,127.1602416,35.7953531
244, ,5,산성 2, ,321.0, , , , , ,소공원,전북특별자치도 전주시 완산구 동서학동 860-2, ,45111-00005,2008-06-20,전북특별자치도 전주시 완산구청,2020-08-31, ,063-220-5438, ,127.1571844,35.8078617
245, ,4,산성 1, ,210.0, , , , , ,소공원,전북특별자치도 전주시 완산구 동서학동 847-4, ,45111-00004,2008-06-20,전북특별자치도 전주시 완산구청,2020-08-31, ,063-220-5438, ,127.1596261,35.8068432
246, ,3,학봉, ,674.0, , , , , ,소공원,전북특별자치도 전주시 완산구 동서학동 314-1, ,45111-00003,2008-06-20,전북특별자치도 전주시 완산구청,2020-08-31, ,063-220-5438, ,127.1525704,35.8042205
247, ,2,추심정 1, ,180.0, , , , , ,소공원,전북특별자치도 전주시 완산구 남노송동 156-35, ,45111-00002,2008-06-20,전북특별자치도 전주시 완산구청,2020-08-31, ,063-220-5438, ,127.1548863652,35.8188266
248, ,1,추심정 2, ,244.0, , , , , ,소공원,전북특별자치도 전주시 완산구 남노송동 102-13, ,45111-00001,2008-06-20,전북특별자치도 전주시 완산구청,2020-08-31, ,063-220-5438, ,127.1549494,35.8183021
